response-time,DNS+dialup,DNS,Request-write,Response-delay,Response-read,status-code,offset
0.8596,0.0003,0.0001,0.0000,0.8591,0.0002,200,0.0003
0.9052,0.0001,0.0000,0.0005,0.9045,0.0001,200,0.0006
1.0464,0.0006,0.0004,0.0002,1.0455,0.0001,200,0.0004
1.0464,0.0002,0.0000,0.0003,1.0459,0.0000,200,0.0008
1.0548,0.0003,0.0000,0.0002,1.0543,0.0000,200,0.0005
1.0822,0.0001,0.0000,0.0000,1.0819,0.0001,200,0.0005
1.0958,0.0008,0.0008,0.0000,1.0949,0.0000,200,0.0002
1.1210,0.0004,0.0003,0.0002,1.1203,0.0000,200,0.0005
1.1493,0.0004,0.0002,0.0002,1.1486,0.0000,200,0.0003
1.1621,0.0004,0.0004,0.0000,1.1616,0.0000,200,0.0005
1.1807,0.0006,0.0002,0.0001,1.1799,0.0001,200,0.0004
1.1873,0.0006,0.0003,0.0001,1.1866,0.0000,200,0.0004
1.1878,0.0002,0.0001,0.0001,1.1875,0.0000,200,0.0005
1.1896,0.0005,0.0004,0.0002,1.1889,0.0000,200,0.0004
1.2135,0.0005,0.0004,0.0000,1.2128,0.0001,200,0.0004
1.2284,0.0003,0.0002,0.0001,1.2279,0.0000,200,0.0004
1.2350,0.0005,0.0003,0.0001,1.2344,0.0000,200,0.0005
1.2355,0.0005,0.0003,0.0002,1.2348,0.0000,200,0.0005
1.2404,0.0002,0.0000,0.0002,1.2400,0.0000,200,0.0006
1.2738,0.0006,0.0005,0.0000,1.2731,0.0001,200,0.0004
1.2782,0.0005,0.0003,0.0002,1.2775,0.0000,200,0.0005
1.2885,0.0006,0.0006,0.0000,1.2878,0.0000,200,0.0004
1.2884,0.0003,0.0000,0.0002,1.2879,0.0000,200,0.0005
1.2993,0.0002,0.0001,0.0002,1.2988,0.0000,200,0.0005
1.3056,0.0004,0.0002,0.0002,1.3050,0.0000,200,0.0004
1.3058,0.0004,0.0003,0.0001,1.3053,0.0000,200,0.0004
1.3128,0.0006,0.0003,0.0001,1.3120,0.0000,200,0.0004
1.3299,0.0005,0.0002,0.0002,1.3291,0.0000,200,0.0003
1.3398,0.0009,0.0008,0.0000,1.3388,0.0000,200,0.0002
1.3576,0.0003,0.0000,0.0001,1.3571,0.0000,200,0.0007
1.4100,0.0009,0.0009,0.0000,1.4090,0.0001,200,0.0003
1.4127,0.0002,0.0001,0.0001,1.4124,0.0001,200,0.0005
1.4250,0.0006,0.0003,0.0001,1.4242,0.0000,200,0.0004
1.4256,0.0005,0.0004,0.0002,1.4248,0.0000,200,0.0004
1.4256,0.0006,0.0005,0.0000,1.4250,0.0000,200,0.0004
1.4368,0.0006,0.0003,0.0001,1.4361,0.0000,200,0.0004
1.4413,0.0004,0.0003,0.0001,1.4408,0.0000,200,0.0003
1.4475,0.0002,0.0001,0.0001,1.4472,0.0000,200,0.0006
1.4546,0.0005,0.0003,0.0001,1.4539,0.0000,200,0.0004
1.4617,0.0009,0.0008,0.0000,1.4607,0.0000,200,0.0003
1.4653,0.0009,0.0008,0.0000,1.4644,0.0000,200,0.0003
1.4740,0.0130,0.0001,0.0000,1.4610,0.0000,200,0.0005
1.4799,0.0009,0.0008,0.0000,1.4790,0.0000,200,0.0002
1.4898,0.0008,0.0007,0.0000,1.4889,0.0000,200,0.0001
1.5330,0.0009,0.0008,0.0000,1.5319,0.0000,200,0.0001
1.5607,0.0009,0.0009,0.0000,1.5597,0.0000,200,0.0003
1.5735,0.0009,0.0008,0.0000,1.5726,0.0000,200,0.0003
1.6015,0.0009,0.0008,0.0000,1.6006,0.0000,200,0.0003
1.6952,0.0009,0.0008,0.0000,1.6942,0.0001,200,0.0003
1.7111,0.0010,0.0008,0.0000,1.7100,0.0000,200,0.0001
1.2240,0.0000,0.0000,0.0000,1.2239,0.0001,200,0.9058
1.1000,0.0000,0.0000,0.0000,1.0999,0.0000,200,1.0553
1.2116,0.0000,0.0000,0.0000,1.2115,0.0001,200,1.0472
1.4341,0.0000,0.0000,0.0000,1.4340,0.0000,200,0.8599
1.1369,0.0000,0.0000,0.0000,1.1369,0.0001,200,1.2355
1.2696,0.0000,0.0000,0.0000,1.2695,0.0000,200,1.1214
1.3560,0.0000,0.0000,0.0000,1.3559,0.0000,200,1.0468
1.3576,0.0000,0.0000,0.0000,1.3576,0.0000,200,1.0827
1.2036,0.0000,0.0000,0.0000,1.2035,0.0000,200,1.2410
1.2959,0.0000,0.0000,0.0000,1.2958,0.0000,200,1.1497
1.2790,0.0000,0.0000,0.0000,1.2789,0.0000,200,1.1811
1.2903,0.0000,0.0000,0.0000,1.2903,0.0000,200,1.1900
1.3761,0.0000,0.0000,0.0000,1.3760,0.0000,200,1.1878
1.4156,0.0000,0.0000,0.0000,1.4155,0.0000,200,1.1626
1.3694,0.0000,0.0000,0.0000,1.3693,0.0001,200,1.2288
1.5023,0.0000,0.0000,0.0000,1.5023,0.0000,200,1.0961
1.3177,0.0000,0.0000,0.0000,1.3177,0.0000,200,1.2889
1.2013,0.0000,0.0000,0.0000,1.2012,0.0000,200,1.4254
1.2329,0.0000,0.0000,0.0000,1.2328,0.0000,200,1.4133
1.4162,0.0000,0.0000,0.0000,1.4162,0.0000,200,1.2359
1.1993,0.0000,0.0000,0.0000,1.1993,0.0000,200,1.4550
1.3284,0.0000,0.0000,0.0000,1.3283,0.0000,200,1.3302
1.2124,0.0000,0.0000,0.0000,1.2124,0.0000,200,1.4481
1.4508,0.0000,0.0000,0.0000,1.4507,0.0000,200,1.2139
1.3820,0.0000,0.0000,0.0000,1.3819,0.0000,200,1.2889
1.2683,0.0000,0.0000,0.0000,1.2682,0.0000,200,1.4103
1.2529,0.0000,0.0000,0.0000,1.2528,0.0000,200,1.4260
1.1189,0.0000,0.0000,0.0000,1.1188,0.0001,200,1.5738
1.2189,0.0000,0.0000,0.0000,1.2189,0.0000,200,1.4745
1.4243,0.0000,0.0000,0.0000,1.4242,0.0000,200,1.2787
1.4038,0.0000,0.0000,0.0000,1.4037,0.0000,200,1.3062
1.4060,0.0000,0.0000,0.0000,1.4059,0.0000,200,1.3060
1.4213,0.0000,0.0000,0.0000,1.4212,0.0001,200,1.3132
1.5506,0.0000,0.0000,0.0000,1.5506,0.0000,200,1.1883
1.3126,0.0000,0.0000,0.0000,1.3126,0.0000,200,1.4372
1.4584,0.0000,0.0000,0.0000,1.4583,0.0000,200,1.2998
1.2880,0.0000,0.0000,0.0000,1.2879,0.0000,200,1.4801
1.3314,0.0000,0.0000,0.0000,1.3313,0.0000,200,1.4417
1.5115,0.0000,0.0000,0.0000,1.5114,0.0000,200,1.2742
1.2916,0.0000,0.0000,0.0000,1.2915,0.0000,200,1.5331
1.4058,0.0000,0.0000,0.0000,1.4057,0.0000,200,1.4657
1.4232,0.0000,0.0000,0.0000,1.4231,0.0000,200,1.4619
1.4627,0.0000,0.0000,0.0000,1.4626,0.0000,200,1.4261
1.2923,0.0000,0.0000,0.0000,1.2923,0.0000,200,1.6018
1.5388,0.0000,0.0000,0.0000,1.5387,0.0000,200,1.3583
1.5685,0.0000,0.0000,0.0000,1.5684,0.0000,200,1.3400
1.2217,0.0000,0.0000,0.0000,1.2216,0.0000,200,1.6955
1.2427,0.0000,0.0000,0.0000,1.2426,0.0000,200,1.7112
1.5700,0.0000,0.0000,0.0000,1.5699,0.0001,200,1.4899
1.5108,0.0000,0.0000,0.0000,1.5108,0.0000,200,1.5610
1.3508,0.0000,0.0000,0.0000,1.3507,0.0001,200,2.1298
1.3745,0.0000,0.0000,0.0000,1.3744,0.0000,200,2.1553
1.1626,0.0000,0.0000,0.0000,1.1625,0.0000,200,2.4028
1.2013,0.0000,0.0000,0.0000,1.2012,0.0000,200,2.3910
1.1611,0.0000,0.0000,0.0000,1.1610,0.0000,200,2.4403
1.3860,0.0000,0.0000,0.0000,1.3859,0.0000,200,2.2588
1.3955,0.0000,0.0000,0.0000,1.3954,0.0000,200,2.2940
1.3600,0.0000,0.0000,0.0000,1.3599,0.0001,200,2.3724
1.2963,0.0000,0.0000,0.0000,1.2962,0.0000,200,2.4804
1.1542,0.0000,0.0000,0.0000,1.1542,0.0000,200,2.6266
1.3482,0.0000,0.0000,0.0000,1.3482,0.0000,200,2.4446
1.3480,0.0000,0.0000,0.0000,1.3480,0.0000,200,2.4455
1.1191,0.0000,0.0000,0.0000,1.1190,0.0000,200,2.6934
1.2770,0.0000,0.0000,0.0000,1.2769,0.0001,200,2.5781
1.1809,0.0000,0.0000,0.0000,1.1808,0.0000,200,2.6786
1.1590,0.0000,0.0000,0.0000,1.1589,0.0000,200,2.7100
1.2145,0.0000,0.0000,0.0000,1.2144,0.0000,200,2.6646
1.2971,0.0000,0.0000,0.0000,1.2971,0.0000,200,2.5982
1.4750,0.0000,0.0000,0.0000,1.4749,0.0000,200,2.4601
1.3768,0.0000,0.0000,0.0000,1.3767,0.0000,200,2.5639
1.2968,0.0000,0.0000,0.0000,1.2967,0.0000,200,2.6462
1.2406,0.0000,0.0000,0.0000,1.2406,0.0000,200,2.7029
1.3202,0.0000,0.0000,0.0000,1.3201,0.0001,200,2.6522
1.3253,0.0000,0.0000,0.0000,1.3253,0.0000,200,2.6605
1.3333,0.0000,0.0000,0.0000,1.3333,0.0000,200,2.6709
1.2368,0.0000,0.0000,0.0000,1.2367,0.0000,200,2.7730
1.2833,0.0000,0.0000,0.0000,1.2833,0.0000,200,2.7345
1.3645,0.0000,0.0000,0.0000,1.3645,0.0000,200,2.6585
1.1352,0.0000,0.0000,0.0000,1.1352,0.0000,200,2.8887
1.3357,0.0000,0.0000,0.0000,1.3356,0.0000,200,2.6927
1.4452,0.0000,0.0000,0.0000,1.4451,0.0000,200,2.6067
1.3760,0.0000,0.0000,0.0000,1.3759,0.0000,200,2.6789
1.2089,0.0000,0.0000,0.0000,1.2088,0.0000,200,2.8714
1.3233,0.0000,0.0000,0.0000,1.3232,0.0000,200,2.7582
1.4385,0.0000,0.0000,0.0000,1.4384,0.0000,200,2.6543
1.3752,0.0000,0.0000,0.0000,1.3751,0.0000,200,2.7390
1.4060,0.0000,0.0000,0.0000,1.4059,0.0000,200,2.7120
1.2112,0.0000,0.0000,0.0000,1.2111,0.0000,200,2.9085
1.5277,0.0000,0.0000,0.0000,1.5276,0.0000,200,2.5984
1.3144,0.0000,0.0000,0.0000,1.3144,0.0000,200,2.8247
1.3958,0.0000,0.0000,0.0000,1.3958,0.0000,200,2.7498
1.4111,0.0000,0.0000,0.0000,1.4110,0.0000,200,2.7857
1.3282,0.0000,0.0000,0.0000,1.3281,0.0000,200,2.8970
1.4872,0.0000,0.0000,0.0000,1.4871,0.0000,200,2.7681
1.4409,0.0000,0.0000,0.0000,1.4408,0.0000,200,2.8941
1.4057,0.0000,0.0000,0.0000,1.4056,0.0001,200,2.9539
1.5385,0.0000,0.0000,0.0000,1.5384,0.0000,200,2.8851
1.3899,0.0000,0.0000,0.0000,1.3898,0.0000,200,3.0719
1.5713,0.0000,0.0000,0.0000,1.5713,0.0001,200,2.9172
1.4533,0.0000,0.0000,0.0000,1.4532,0.0000,200,3.0599
1.1686,0.0000,0.0000,0.0000,1.1685,0.0001,200,3.4806
1.1702,0.0000,0.0000,0.0000,1.1702,0.0001,200,3.5923
1.2630,0.0000,0.0000,0.0000,1.2630,0.0000,200,3.5298
1.2674,0.0000,0.0000,0.0000,1.2673,0.0001,200,3.6447
1.2372,0.0000,0.0000,0.0000,1.2372,0.0000,200,3.7324
1.2120,0.0000,0.0000,0.0000,1.2119,0.0000,200,3.8125
1.4574,0.0000,0.0000,0.0000,1.4573,0.0000,200,3.6014
1.4977,0.0000,0.0000,0.0000,1.4977,0.0000,200,3.5654
1.1881,0.0000,0.0000,0.0000,1.1880,0.0000,200,3.8791
1.2174,0.0000,0.0000,0.0000,1.2174,0.0000,200,3.8595
1.3932,0.0000,0.0000,0.0000,1.3931,0.0000,200,3.6895
1.3309,0.0000,0.0000,0.0000,1.3308,0.0000,200,3.7808
1.3365,0.0000,0.0000,0.0000,1.3364,0.0000,200,3.7928
1.2630,0.0000,0.0000,0.0000,1.2630,0.0000,200,3.8689
1.1620,0.0000,0.0000,0.0000,1.1620,0.0000,200,3.9858
1.3939,0.0000,0.0000,0.0000,1.3938,0.0001,200,3.7766
1.0580,0.0000,0.0000,0.0000,1.0579,0.0000,200,4.1260
1.3558,0.0000,0.0000,0.0000,1.3557,0.0001,200,3.8551
1.3535,0.0000,0.0000,0.0000,1.3534,0.0001,200,3.8953
1.1807,0.0000,0.0000,0.0000,1.1807,0.0000,200,4.0803
1.3310,0.0000,0.0000,0.0000,1.3309,0.0000,200,3.9406
1.2823,0.0000,0.0000,0.0000,1.2822,0.0000,200,4.0098
1.3587,0.0000,0.0000,0.0000,1.3587,0.0000,200,3.9436
1.2799,0.0000,0.0000,0.0000,1.2799,0.0000,200,4.0230
1.5187,0.0000,0.0000,0.0000,1.5187,0.0000,200,3.7935
1.2468,0.0000,0.0000,0.0000,1.2467,0.0000,200,4.0814
1.3944,0.0000,0.0000,0.0000,1.3944,0.0000,200,3.9429
1.2902,0.0000,0.0000,0.0000,1.2902,0.0000,200,4.0549
1.4136,0.0000,0.0000,0.0000,1.4135,0.0000,200,3.9351
1.2446,0.0000,0.0000,0.0000,1.2446,0.0000,200,4.1141
1.2339,0.0000,0.0000,0.0000,1.2338,0.0000,200,4.1391
1.3567,0.0000,0.0000,0.0000,1.3567,0.0000,200,4.0178
1.4172,0.0000,0.0000,0.0000,1.4171,0.0001,200,3.9723
1.4168,0.0000,0.0000,0.0000,1.4168,0.0000,200,4.0042
1.2853,0.0000,0.0000,0.0000,1.2853,0.0000,200,4.1457
1.3405,0.0000,0.0000,0.0000,1.3404,0.0000,200,4.1179
1.4153,0.0000,0.0000,0.0000,1.4153,0.0000,200,4.0519
1.3525,0.0000,0.0000,0.0000,1.3524,0.0000,200,4.1197
1.4619,0.0000,0.0000,0.0000,1.4619,0.0000,200,4.0240
1.3259,0.0000,0.0000,0.0000,1.3258,0.0000,200,4.1968
1.1935,0.0000,0.0000,0.0000,1.1934,0.0000,200,4.3350
1.5067,0.0000,0.0000,0.0000,1.5067,0.0000,200,4.0284
1.3469,0.0000,0.0000,0.0000,1.3468,0.0001,200,4.2553
1.3869,0.0000,0.0000,0.0000,1.3868,0.0000,200,4.2252
1.2906,0.0000,0.0000,0.0000,1.2905,0.0001,200,4.3596
1.1985,0.0000,0.0000,0.0000,1.1984,0.0000,200,4.4617
1.1926,0.0000,0.0000,0.0000,1.1925,0.0000,200,4.4885
1.2604,0.0000,0.0000,0.0000,1.2604,0.0000,200,4.4236
1.6119,0.0000,0.0000,0.0000,1.6118,0.0000,200,4.0928
1.5189,0.0000,0.0000,0.0000,1.5188,0.0001,200,4.5132
1.2725,0.0000,0.0000,0.0000,1.2724,0.0000,200,4.7626
1.2595,0.0000,0.0000,0.0000,1.2594,0.0000,200,4.7928
1.0340,0.0000,0.0000,0.0000,1.0339,0.0001,200,5.0631
1.4836,0.0000,0.0000,0.0000,1.4835,0.0001,200,4.6492
1.2669,0.0000,0.0000,0.0000,1.2668,0.0000,200,4.9121
1.1465,0.0000,0.0000,0.0000,1.1464,0.0000,200,5.0827
1.2215,0.0000,0.0000,0.0000,1.2214,0.0000,200,5.0245
1.0402,0.0000,0.0000,0.0000,1.0402,0.0000,200,5.3282
1.2226,0.0000,0.0000,0.0000,1.2225,0.0001,200,5.1840
1.4391,0.0000,0.0000,0.0000,1.4390,0.0000,200,4.9697
1.2610,0.0000,0.0000,0.0000,1.2609,0.0000,200,5.1478
1.3509,0.0000,0.0000,0.0000,1.3509,0.0001,200,5.0769
1.3032,0.0000,0.0000,0.0000,1.3031,0.0000,200,5.1319
1.3286,0.0000,0.0000,0.0000,1.3285,0.0001,200,5.1705
1.5084,0.0000,0.0000,0.0000,1.5083,0.0000,200,5.0588
1.2873,0.0000,0.0000,0.0000,1.2873,0.0000,200,5.2921
1.4583,0.0000,0.0000,0.0000,1.4583,0.0000,200,5.1293
1.4767,0.0000,0.0000,0.0000,1.4767,0.0000,200,5.1117
1.2825,0.0000,0.0000,0.0000,1.2825,0.0000,200,5.3123
1.2519,0.0000,0.0000,0.0000,1.2519,0.0000,200,5.3451
1.5308,0.0000,0.0000,0.0000,1.5308,0.0000,200,5.0672
1.3316,0.0000,0.0000,0.0000,1.3315,0.0000,200,5.3023
1.2865,0.0000,0.0000,0.0000,1.2865,0.0000,200,5.3487
1.3393,0.0000,0.0000,0.0000,1.3392,0.0000,200,5.3030
1.4386,0.0000,0.0000,0.0000,1.4386,0.0000,200,5.2110
1.4368,0.0000,0.0000,0.0000,1.4367,0.0000,200,5.2611
1.3570,0.0000,0.0000,0.0000,1.3569,0.0000,200,5.3588
1.2952,0.0000,0.0000,0.0000,1.2952,0.0000,200,5.4211
1.4704,0.0000,0.0000,0.0000,1.4703,0.0000,200,5.2488
1.3422,0.0000,0.0000,0.0000,1.3421,0.0000,200,5.3895
1.2008,0.0000,0.0000,0.0013,1.1993,0.0000,200,5.5352
1.3653,0.0000,0.0000,0.0000,1.3653,0.0000,200,5.3745
1.1372,0.0000,0.0000,0.0000,1.1371,0.0001,200,5.6121
1.3209,0.0000,0.0000,0.0000,1.3208,0.0000,200,5.4309
1.5114,0.0000,0.0000,0.0000,1.5113,0.0000,200,5.2716
1.3170,0.0000,0.0000,0.0000,1.3170,0.0000,200,5.4672
1.3351,0.0000,0.0000,0.0000,1.3351,0.0000,200,5.4721
1.2979,0.0000,0.0000,0.0000,1.2978,0.0000,200,5.5227
1.1334,0.0000,0.0000,0.0000,1.1334,0.0000,200,5.7047
1.3681,0.0000,0.0000,0.0000,1.3681,0.0000,200,5.4859
1.1761,0.0000,0.0000,0.0000,1.1761,0.0000,200,5.6811
1.3716,0.0000,0.0000,0.0000,1.3715,0.0000,200,5.5285
1.5848,0.0000,0.0000,0.0000,1.5848,0.0000,200,5.3374
1.2834,0.0000,0.0000,0.0000,1.2833,0.0000,200,5.6840
1.3457,0.0000,0.0000,0.0000,1.3456,0.0000,200,5.6502
1.6550,0.0000,0.0000,0.0000,1.6549,0.0000,200,5.3730
1.3803,0.0000,0.0000,0.0000,1.3803,0.0000,200,5.6602
1.5934,0.0000,0.0000,0.0000,1.5933,0.0000,200,5.4584
1.4612,0.0000,0.0000,0.0000,1.4611,0.0000,200,5.6022
1.1460,0.0000,0.0000,0.0000,1.1460,0.0001,200,6.0351
1.2074,0.0000,0.0000,0.0000,1.2073,0.0001,200,6.0321
1.3276,0.0000,0.0000,0.0000,1.3276,0.0001,200,6.0523
1.3214,0.0000,0.0000,0.0000,1.3213,0.0001,200,6.1328
1.2966,0.0000,0.0000,0.0000,1.2965,0.0001,200,6.2292
1.4442,0.0000,0.0000,0.0000,1.4441,0.0000,200,6.0971
1.2855,0.0000,0.0000,0.0000,1.2854,0.0001,200,6.4088
1.5230,0.0000,0.0000,0.0000,1.5229,0.0000,200,6.1790
1.2782,0.0000,0.0000,0.0000,1.2781,0.0000,200,6.4351
1.4600,0.0000,0.0000,0.0000,1.4599,0.0001,200,6.3685
1.1727,0.0000,0.0000,0.0000,1.1726,0.0001,200,6.6978
1.5614,0.0000,0.0000,0.0000,1.5613,0.0001,200,6.4065
1.5351,0.0000,0.0000,0.0000,1.5350,0.0001,200,6.4991
1.4926,0.0000,0.0000,0.0000,1.4925,0.0001,200,6.5671
1.8196,0.0000,0.0000,0.0000,1.8195,0.0000,200,6.2460
1.5120,0.0000,0.0000,0.0000,1.5119,0.0001,200,6.5980
1.7118,0.0000,0.0000,0.0000,1.7117,0.0000,200,6.4088
1.5254,0.0000,0.0000,0.0000,1.5254,0.0000,200,6.5970
1.6725,0.0000,0.0000,0.0000,1.6724,0.0001,200,6.5884
1.7789,0.0000,0.0000,0.0000,1.7788,0.0001,200,6.5877
1.7362,0.0000,0.0000,0.0000,1.7361,0.0001,200,6.6339
1.8478,0.0000,0.0000,0.0000,1.8477,0.0001,200,6.5948
1.8088,0.0000,0.0000,0.0000,1.8087,0.0001,200,6.6496
1.7234,0.0000,0.0000,0.0000,1.7233,0.0001,200,6.7830
1.9334,0.0000,0.0000,0.0000,1.9333,0.0001,200,6.5794
1.8018,0.0000,0.0000,0.0000,1.8017,0.0000,200,6.7158
1.8239,0.0000,0.0000,0.0000,1.8238,0.0001,200,6.7192
1.8578,0.0000,0.0000,0.0000,1.8577,0.0001,200,6.7360
1.8554,0.0000,0.0000,0.0000,1.8553,0.0000,200,6.7493
2.1779,0.0000,0.0000,0.0000,2.1778,0.0000,200,6.4279
1.9706,0.0000,0.0000,0.0000,1.9706,0.0000,200,6.6352
1.7888,0.0000,0.0000,0.0001,1.7886,0.0001,200,6.8382
1.6246,0.0000,0.0000,0.0000,1.6245,0.0001,200,7.0279
1.8460,0.0000,0.0000,0.0001,1.8459,0.0001,200,6.8206
1.8743,0.0000,0.0000,0.0000,1.8742,0.0001,200,6.8540
2.1280,0.0000,0.0000,0.0000,2.1279,0.0001,200,6.6422
2.0599,0.0000,0.0000,0.0000,2.0599,0.0001,200,6.7399
2.0864,0.0000,0.0000,0.0000,2.0864,0.0000,200,6.7163
2.0421,0.0000,0.0000,0.0000,2.0420,0.0001,200,6.7842
2.1050,0.0000,0.0000,0.0000,2.1048,0.0001,200,6.7519
1.8531,0.0000,0.0000,0.0000,1.8530,0.0001,200,7.0518
2.0353,0.0000,0.0000,0.0000,2.0352,0.0001,200,6.9222
2.1329,0.0000,0.0000,0.0000,2.1328,0.0001,200,6.9001
2.4032,0.0000,0.0000,0.0000,2.4030,0.0001,200,6.7317
2.1766,0.0000,0.0000,0.0000,2.1765,0.0000,200,6.9674
2.3245,0.0000,0.0000,0.0000,2.3244,0.0001,200,6.8572
2.3928,0.0000,0.0000,0.0001,2.3927,0.0001,200,6.8073
2.2120,0.0000,0.0000,0.0000,2.2119,0.0001,200,6.9959
2.2047,0.0000,0.0000,0.0000,2.2046,0.0001,200,7.0405
2.2466,0.0000,0.0000,0.0001,2.2464,0.0001,200,7.0634
2.2820,0.0000,0.0000,0.0000,2.2819,0.0001,200,7.2396
2.4710,0.0000,0.0000,0.0000,2.4709,0.0001,200,7.1811
2.3011,0.0000,0.0000,0.0000,2.3010,0.0001,200,7.3800
2.4375,0.0000,0.0000,0.0000,2.4374,0.0001,200,7.4541
2.3258,0.0000,0.0000,0.0000,2.3257,0.0001,200,7.6944
2.3241,0.0000,0.0000,0.0000,2.3241,0.0000,200,7.7020
2.5650,0.0000,0.0000,0.0000,2.5649,0.0001,200,7.5258
2.5710,0.0000,0.0000,0.0000,2.5709,0.0000,200,7.5413
2.5151,0.0000,0.0000,0.0000,2.5150,0.0001,200,7.7133
2.4339,0.0000,0.0000,0.0000,2.4337,0.0001,200,7.8285
2.2380,0.0000,0.0000,0.0000,2.2378,0.0001,200,8.0597
2.4305,0.0000,0.0000,0.0000,2.4304,0.0001,200,7.9679
2.3143,0.0000,0.0000,0.0000,2.3142,0.0001,200,8.1224
2.3671,0.0000,0.0000,0.0000,2.3670,0.0001,200,8.1206
2.5155,0.0000,0.0000,0.0000,2.5154,0.0001,200,8.0342
2.3728,0.0000,0.0000,0.0000,2.3727,0.0001,200,8.2609
2.7900,0.0000,0.0000,0.0000,2.7899,0.0001,200,7.8706
2.6067,0.0000,0.0000,0.0000,2.6066,0.0000,200,8.0656
2.5801,0.0000,0.0000,0.0000,2.5800,0.0000,200,8.1100
2.3347,0.0000,0.0000,0.0000,2.3346,0.0001,200,8.5175
2.3738,0.0000,0.0000,0.0000,2.3736,0.0001,200,8.5064
2.5746,0.0000,0.0000,0.0000,2.5745,0.0001,200,8.3701
2.3011,0.0000,0.0000,0.0000,2.3010,0.0000,200,8.6526
2.6251,0.0000,0.0000,0.0000,2.6250,0.0001,200,8.3666
2.5499,0.0000,0.0000,0.0000,2.5498,0.0000,200,8.4584
2.4173,0.0000,0.0000,0.0000,2.4172,0.0000,200,8.6047
2.5719,0.0000,0.0000,0.0000,2.5718,0.0001,200,8.5128
2.4887,0.0000,0.0000,0.0000,2.4886,0.0001,200,8.6270
2.3728,0.0000,0.0000,0.0000,2.3726,0.0001,200,8.7702
2.7027,0.0000,0.0000,0.0000,2.7025,0.0000,200,8.4426
2.5282,0.0000,0.0000,0.0000,2.5281,0.0001,200,8.6666
2.4655,0.0000,0.0000,0.0000,2.4653,0.0001,200,8.7998
2.4770,0.0000,0.0000,0.0000,2.4769,0.0001,200,8.8028
2.7371,0.0000,0.0000,0.0000,2.7370,0.0001,200,8.5432
2.7157,0.0000,0.0000,0.0000,2.7156,0.0001,200,8.5937
2.7337,0.0000,0.0000,0.0000,2.7336,0.0001,200,8.6057
2.4895,0.0000,0.0000,0.0000,2.4894,0.0001,200,8.8568
2.1091,0.0000,0.0000,0.0000,2.1090,0.0001,200,9.2452
2.6553,0.0000,0.0000,0.0000,2.6551,0.0001,200,8.7283
2.2402,0.0000,0.0000,0.0000,2.2401,0.0001,200,9.1817
2.2968,0.0000,0.0000,0.0000,2.2967,0.0001,200,9.2079
2.5999,0.0000,0.0000,0.0000,2.5998,0.0000,200,8.9050
2.3919,0.0000,0.0000,0.0000,2.3918,0.0001,200,9.1349
2.5757,0.0000,0.0000,0.0000,2.5756,0.0000,200,8.9575
2.7658,0.0000,0.0000,0.0000,2.7657,0.0001,200,8.8264
2.9977,0.0000,0.0000,0.0000,2.9977,0.0000,200,8.6058
2.3758,0.0000,0.0000,0.0000,2.3757,0.0001,200,9.3100
2.7408,0.0000,0.0000,0.0000,2.7406,0.0001,200,9.0330
2.1348,0.0000,0.0000,0.0000,2.1347,0.0001,200,9.6521
2.6473,0.0000,0.0000,0.0000,2.6471,0.0001,200,9.2001
2.3703,0.0000,0.0000,0.0000,2.3702,0.0001,200,9.5216
2.8078,0.0000,0.0000,0.0000,2.8077,0.0001,200,9.1440
2.3669,0.0000,0.0000,0.0000,2.3668,0.0001,200,9.6811
2.3330,0.0000,0.0000,0.0000,2.3328,0.0001,200,10.0202
2.4833,0.0000,0.0000,0.0000,2.4832,0.0001,200,9.8917
2.1937,0.0000,0.0000,0.0000,2.1935,0.0001,200,10.2284
2.5107,0.0000,0.0000,0.0000,2.5106,0.0001,200,10.0261
2.4600,0.0000,0.0000,0.0000,2.4598,0.0001,200,10.1123
2.4385,0.0000,0.0000,0.0000,2.4384,0.0001,200,10.2623
2.6477,0.0000,0.0000,0.0000,2.6476,0.0001,200,10.0908
2.5010,0.0000,0.0000,0.0000,2.5008,0.0001,200,10.2977
2.2920,0.0000,0.0000,0.0000,2.2919,0.0001,200,10.5497
2.3858,0.0000,0.0000,0.0000,2.3857,0.0001,200,10.4876
2.2922,0.0000,0.0000,0.0000,2.2921,0.0001,200,10.6606
2.3889,0.0000,0.0000,0.0000,2.3888,0.0001,200,10.6900
2.7069,0.0000,0.0000,0.0000,2.7068,0.0001,200,10.3984
2.4874,0.0000,0.0000,0.0000,2.4873,0.0001,200,10.6337
2.2746,0.0000,0.0000,0.0000,2.2745,0.0000,200,10.8522
2.7068,0.0000,0.0000,0.0000,2.7067,0.0000,200,10.4367
2.5312,0.0000,0.0000,0.0000,2.5311,0.0001,200,10.6723
2.3350,0.0000,0.0000,0.0000,2.3349,0.0000,200,10.8801
2.3048,0.0000,0.0000,0.0000,2.3047,0.0001,200,10.9537
2.3753,0.0000,0.0000,0.0000,2.3752,0.0001,200,10.9447
2.3476,0.0000,0.0000,0.0000,2.3474,0.0001,200,11.0220
2.3871,0.0000,0.0000,0.0000,2.3870,0.0001,200,11.0083
2.1365,0.0000,0.0000,0.0000,2.1363,0.0001,200,11.2802
2.4546,0.0000,0.0000,0.0000,2.4545,0.0001,200,10.9917
2.3805,0.0000,0.0000,0.0000,2.3804,0.0001,200,11.1157
2.4556,0.0000,0.0000,0.0000,2.4555,0.0001,200,11.0847
2.4178,0.0000,0.0000,0.0000,2.4177,0.0001,200,11.1430
2.2034,0.0000,0.0000,0.0000,2.2033,0.0001,200,11.3835
2.4867,0.0000,0.0000,0.0000,2.4866,0.0001,200,11.1453
2.4492,0.0000,0.0000,0.0000,2.4491,0.0001,200,11.2798
2.4469,0.0000,0.0000,0.0000,2.4467,0.0001,200,11.3394
2.7046,0.0000,0.0000,0.0001,2.7043,0.0001,200,11.1948
2.3277,0.0000,0.0000,0.0000,2.3276,0.0001,200,11.6036
2.4147,0.0000,0.0000,0.0000,2.4146,0.0000,200,11.5268
2.4410,0.0000,0.0000,0.0000,2.4409,0.0000,200,11.5047
2.5757,0.0000,0.0000,0.0000,2.5756,0.0001,200,11.4219
2.6655,0.0000,0.0000,0.0000,2.6654,0.0001,200,11.3463
2.5129,0.0000,0.0000,0.0000,2.5128,0.0000,200,11.5049
2.3463,0.0000,0.0000,0.0001,2.3461,0.0001,200,11.6858
2.7842,0.0000,0.0000,0.0000,2.7841,0.0000,200,11.2653
2.5440,0.0000,0.0000,0.0000,2.5439,0.0000,200,11.5333
2.7323,0.0000,0.0000,0.0000,2.7321,0.0000,200,11.3543
2.4036,0.0000,0.0000,0.0000,2.4034,0.0001,200,11.7737
2.9661,0.0000,0.0000,0.0000,2.9659,0.0001,200,11.3095
2.5644,0.0000,0.0000,0.0000,2.5643,0.0001,200,11.7869
2.5177,0.0000,0.0000,0.0000,2.5176,0.0001,200,11.8474
2.5140,0.0000,0.0000,0.0000,2.5138,0.0001,200,11.9518
2.9351,0.0000,0.0000,0.0000,2.9350,0.0001,200,11.5921
2.5493,0.0000,0.0000,0.0000,2.5492,0.0001,200,12.0480
2.3662,0.0000,0.0000,0.0000,2.3660,0.0001,200,12.3532
2.8839,0.0000,0.0000,0.0000,2.8837,0.0001,200,11.8919
2.4754,0.0000,0.0000,0.0000,2.4753,0.0001,200,12.3750
2.3298,0.0000,0.0000,0.0000,2.3296,0.0001,200,12.5722
2.4998,0.0000,0.0000,0.0000,2.4997,0.0001,200,12.4221
2.4317,0.0000,0.0000,0.0000,2.4316,0.0001,200,12.7008
2.6248,0.0000,0.0000,0.0000,2.6247,0.0001,200,12.5368
2.4246,0.0000,0.0000,0.0000,2.4245,0.0000,200,12.7385
2.3988,0.0000,0.0000,0.0000,2.3987,0.0001,200,12.8417
2.0784,0.0000,0.0000,0.0000,2.0783,0.0001,200,13.2151
2.1860,0.0000,0.0000,0.0000,2.1859,0.0000,200,13.1268
2.4634,0.0000,0.0000,0.0000,2.4633,0.0000,200,12.8735
2.2654,0.0000,0.0000,0.0000,2.2653,0.0000,200,13.0790
2.2372,0.0000,0.0000,0.0000,2.2371,0.0000,200,13.1212
2.4063,0.0000,0.0000,0.0000,2.4062,0.0000,200,12.9528
2.6534,0.0000,0.0000,0.0000,2.6532,0.0001,200,12.7987
2.4841,0.0000,0.0000,0.0000,2.4840,0.0001,200,13.1435
2.5258,0.0000,0.0000,0.0000,2.5256,0.0001,200,13.2035
2.3900,0.0000,0.0000,0.0000,2.3899,0.0001,200,13.3696
2.3725,0.0000,0.0000,0.0000,2.3723,0.0001,200,13.4167
2.3796,0.0000,0.0000,0.0000,2.3794,0.0001,200,13.4463
2.3086,0.0000,0.0000,0.0000,2.3085,0.0001,200,13.5402
2.4589,0.0000,0.0000,0.0000,2.4588,0.0000,200,13.3954
2.2691,0.0000,0.0000,0.0000,2.2690,0.0000,200,13.5870
2.5816,0.0000,0.0000,0.0000,2.5814,0.0001,200,13.3200
2.6714,0.0000,0.0000,0.0000,2.6713,0.0001,200,13.2584
2.8854,0.0000,0.0000,0.0000,2.8853,0.0001,200,13.1053
2.3656,0.0000,0.0000,0.0000,2.3655,0.0000,200,13.6320
2.4708,0.0000,0.0000,0.0000,2.4707,0.0001,200,13.5608
2.6548,0.0000,0.0000,0.0000,2.6546,0.0001,200,13.4962
2.3266,0.0000,0.0000,0.0000,2.3265,0.0001,200,13.9313
2.4777,0.0000,0.0000,0.0000,2.4776,0.0000,200,13.7863
2.6720,0.0000,0.0000,0.0000,2.6718,0.0001,200,13.7290
2.4608,0.0000,0.0000,0.0000,2.4606,0.0001,200,13.9415
2.4116,0.0000,0.0000,0.0000,2.4115,0.0000,200,13.9975
2.4601,0.0000,0.0000,0.0000,2.4600,0.0001,200,14.0119
2.5913,0.0000,0.0000,0.0000,2.5912,0.0001,200,13.8993
2.4903,0.0000,0.0000,0.0000,2.4902,0.0001,200,14.0496
2.3977,0.0000,0.0000,0.0000,2.3976,0.0001,200,14.1773
2.6047,0.0000,0.0000,0.0000,2.6046,0.0001,200,14.0321
2.5667,0.0000,0.0000,0.0000,2.5665,0.0001,200,14.0866
2.6328,0.0000,0.0000,0.0000,2.6327,0.0001,200,14.0773
2.8443,0.0000,0.0000,0.0000,2.8442,0.0001,200,13.9457
2.5211,0.0000,0.0000,0.0000,2.5210,0.0000,200,14.2755
2.8353,0.0000,0.0000,0.0000,2.8352,0.0001,200,14.0177
2.4166,0.0000,0.0000,0.0000,2.4164,0.0001,200,14.4658
2.5359,0.0000,0.0000,0.0000,2.5358,0.0000,200,14.3651
2.5517,0.0000,0.0000,0.0000,2.5515,0.0001,200,14.3513
2.3899,0.0000,0.0000,0.0000,2.3897,0.0001,200,14.5973
2.6092,0.0000,0.0000,0.0000,2.6090,0.0001,200,14.5273
2.2331,0.0000,0.0000,0.0000,2.2330,0.0001,200,14.9219
2.3418,0.0000,0.0000,0.0000,2.3416,0.0001,200,14.8504
2.4239,0.0000,0.0000,0.0000,2.4238,0.0001,200,14.7758
2.5032,0.0000,0.0000,0.0000,2.5031,0.0001,200,14.7193
2.1889,0.0000,0.0000,0.0000,2.1888,0.0001,200,15.1325
1.9059,0.0000,0.0000,0.0000,1.9058,0.0001,200,15.4520
2.2253,0.0000,0.0000,0.0000,2.2251,0.0001,200,15.1616
2.2221,0.0000,0.0000,0.0000,2.2219,0.0001,200,15.2405
2.5661,0.0000,0.0000,0.0000,2.5660,0.0001,200,14.9020
2.1746,0.0000,0.0000,0.0000,2.1745,0.0001,200,15.3369
2.3897,0.0000,0.0000,0.0000,2.3896,0.0001,200,15.1631
2.3266,0.0000,0.0000,0.0000,2.3265,0.0001,200,15.2936
2.3005,0.0000,0.0000,0.0000,2.3004,0.0001,200,15.3444
2.1378,0.0000,0.0000,0.0000,2.1377,0.0001,200,15.6276
2.4680,0.0000,0.0000,0.0000,2.4679,0.0001,200,15.3584
2.0694,0.0000,0.0000,0.0000,2.0693,0.0000,200,15.7596
2.5017,0.0000,0.0000,0.0000,2.5016,0.0001,200,15.3591
2.5492,0.0000,0.0000,0.0000,2.5492,0.0000,200,15.3128
1.8869,0.0000,0.0000,0.0000,1.8868,0.0000,200,15.9908
2.0723,0.0000,0.0000,0.0000,2.0722,0.0000,200,15.8561
2.2133,0.0000,0.0000,0.0000,2.2132,0.0000,200,15.7292
2.1391,0.0000,0.0000,0.0000,2.1389,0.0001,200,15.8259
2.1304,0.0000,0.0000,0.0000,2.1303,0.0000,200,15.8542
2.1990,0.0000,0.0000,0.0000,2.1990,0.0000,200,15.7892
1.9780,0.0000,0.0000,0.0000,1.9779,0.0001,200,16.0316
2.1277,0.0000,0.0000,0.0000,2.1275,0.0001,200,15.9016
2.1585,0.0000,0.0000,0.0000,2.1584,0.0001,200,15.9298
2.2478,0.0000,0.0000,0.0000,2.2477,0.0001,200,15.8488
2.0995,0.0000,0.0000,0.0000,2.0994,0.0000,200,15.9976
1.9698,0.0000,0.0000,0.0000,1.9697,0.0000,200,16.1509
1.7282,0.0000,0.0000,0.0000,1.7281,0.0001,200,16.4023
1.8900,0.0000,0.0000,0.0000,1.8899,0.0000,200,16.2640
1.9006,0.0000,0.0000,0.0000,1.9004,0.0001,200,16.2579
1.5587,0.0000,0.0000,0.0000,1.5585,0.0001,200,16.6368
1.6644,0.0000,0.0000,0.0000,1.6642,0.0000,200,16.5399
1.7412,0.0000,0.0000,0.0000,1.7410,0.0001,200,16.4906
1.7689,0.0000,0.0000,0.0000,1.7688,0.0000,200,16.4720
1.5937,0.0000,0.0000,0.0000,1.5936,0.0000,200,16.6533
1.8472,0.0000,0.0000,0.0000,1.8471,0.0000,200,16.4010
1.8474,0.0000,0.0000,0.0000,1.8474,0.0000,200,16.4091
1.6917,0.0000,0.0000,0.0000,1.6916,0.0000,200,16.5750
1.4967,0.0000,0.0000,0.0000,1.4966,0.0000,200,16.7901
1.4454,0.0000,0.0000,0.0000,1.4453,0.0001,200,16.8531
1.4205,0.0000,0.0000,0.0000,1.4204,0.0000,200,16.8824
1.1724,0.0000,0.0000,0.0000,1.1723,0.0000,200,17.1364
1.4130,0.0000,0.0000,0.0000,1.4129,0.0000,200,16.9010
1.5207,0.0000,0.0000,0.0000,1.5206,0.0000,200,16.7966
1.6086,0.0000,0.0000,0.0000,1.6085,0.0000,200,16.7101
1.1300,0.0000,0.0000,0.0000,1.1299,0.0000,200,17.1997

